,Time,Lat,Long,precipcal
0,2020-08-01 00:00:00,35.05,127.25,0.0
1,2020-08-01 00:30:00,35.05,127.25,0.0
2,2020-08-01 01:00:00,35.05,127.25,0.0
3,2020-08-01 01:30:00,35.05,127.25,0.0
4,2020-08-01 02:00:00,35.05,127.25,0.0
5,2020-08-01 02:30:00,35.05,127.25,0.0
6,2020-08-01 03:00:00,35.05,127.25,0.0
7,2020-08-01 03:30:00,35.05,127.25,0.0
8,2020-08-01 04:00:00,35.05,127.25,0.0
9,2020-08-01 04:30:00,35.05,127.25,0.0
10,2020-08-01 05:00:00,35.05,127.25,0.0
11,2020-08-01 05:30:00,35.05,127.25,0.0
12,2020-08-01 06:00:00,35.05,127.25,0.0
13,2020-08-01 06:30:00,35.05,127.25,0.84693956
14,2020-08-01 07:00:00,35.05,127.25,0.0
15,2020-08-01 07:30:00,35.05,127.25,0.0
16,2020-08-01 08:00:00,35.05,127.25,0.0
17,2020-08-01 08:30:00,35.05,127.25,0.0
18,2020-08-01 09:00:00,35.05,127.25,0.0
19,2020-08-01 09:30:00,35.05,127.25,0.0
20,2020-08-01 10:00:00,35.05,127.25,0.0
21,2020-08-01 10:30:00,35.05,127.25,0.0
22,2020-08-01 11:00:00,35.05,127.25,0.0
23,2020-08-01 11:30:00,35.05,127.25,0.0
24,2020-08-01 12:00:00,35.05,127.25,0.0
25,2020-08-01 12:30:00,35.05,127.25,0.0
26,2020-08-01 13:00:00,35.05,127.25,0.0
27,2020-08-01 13:30:00,35.05,127.25,0.0
28,2020-08-01 14:00:00,35.05,127.25,0.0
29,2020-08-01 14:30:00,35.05,127.25,0.0
30,2020-08-01 15:00:00,35.05,127.25,0.0
31,2020-08-01 15:30:00,35.05,127.25,0.0
32,2020-08-01 16:00:00,35.05,127.25,0.0
33,2020-08-01 16:30:00,35.05,127.25,0.0
34,2020-08-01 17:00:00,35.05,127.25,0.0
35,2020-08-01 17:30:00,35.05,127.25,0.0
36,2020-08-01 18:00:00,35.05,127.25,0.0
37,2020-08-01 18:30:00,35.05,127.25,0.0
38,2020-08-01 19:00:00,35.05,127.25,0.0
39,2020-08-01 19:30:00,35.05,127.25,0.0
40,2020-08-01 20:00:00,35.05,127.25,0.0
41,2020-08-01 20:30:00,35.05,127.25,0.0
42,2020-08-01 21:00:00,35.05,127.25,0.0
43,2020-08-01 21:30:00,35.05,127.25,0.0
44,2020-08-01 22:00:00,35.05,127.25,0.0
45,2020-08-01 22:30:00,35.05,127.25,0.0
46,2020-08-01 23:00:00,35.05,127.25,0.0
47,2020-08-01 23:30:00,35.05,127.25,0.0
48,2020-08-02 00:00:00,35.05,127.25,0.0
49,2020-08-02 00:30:00,35.05,127.25,0.0
50,2020-08-02 01:00:00,35.05,127.25,0.0
51,2020-08-02 01:30:00,35.05,127.25,0.0
52,2020-08-02 02:00:00,35.05,127.25,0.0
53,2020-08-02 02:30:00,35.05,127.25,0.0
54,2020-08-02 03:00:00,35.05,127.25,0.0
55,2020-08-02 03:30:00,35.05,127.25,0.0
56,2020-08-02 04:00:00,35.05,127.25,0.0
57,2020-08-02 04:30:00,35.05,127.25,0.03
58,2020-08-02 05:00:00,35.05,127.25,0.0
59,2020-08-02 05:30:00,35.05,127.25,0.0
60,2020-08-02 06:00:00,35.05,127.25,0.0
61,2020-08-02 06:30:00,35.05,127.25,0.0
62,2020-08-02 07:00:00,35.05,127.25,0.0
63,2020-08-02 07:30:00,35.05,127.25,0.0
64,2020-08-02 08:00:00,35.05,127.25,0.0
65,2020-08-02 08:30:00,35.05,127.25,0.0
66,2020-08-02 09:00:00,35.05,127.25,0.0
67,2020-08-02 09:30:00,35.05,127.25,0.0
68,2020-08-02 10:00:00,35.05,127.25,0.0
69,2020-08-02 10:30:00,35.05,127.25,0.042294454
70,2020-08-02 11:00:00,35.05,127.25,1.5079604
71,2020-08-02 11:30:00,35.05,127.25,0.0
72,2020-08-02 12:00:00,35.05,127.25,0.0
73,2020-08-02 12:30:00,35.05,127.25,0.0
74,2020-08-02 13:00:00,35.05,127.25,0.76532245
75,2020-08-02 13:30:00,35.05,127.25,0.0047073183
76,2020-08-02 14:00:00,35.05,127.25,0.0
77,2020-08-02 14:30:00,35.05,127.25,0.0
78,2020-08-02 15:00:00,35.05,127.25,0.0
79,2020-08-02 15:30:00,35.05,127.25,0.0
80,2020-08-02 16:00:00,35.05,127.25,0.0
81,2020-08-02 16:30:00,35.05,127.25,0.0
82,2020-08-02 17:00:00,35.05,127.25,0.0
83,2020-08-02 17:30:00,35.05,127.25,0.0
84,2020-08-02 18:00:00,35.05,127.25,0.0
85,2020-08-02 18:30:00,35.05,127.25,0.0
86,2020-08-02 19:00:00,35.05,127.25,0.0
87,2020-08-02 19:30:00,35.05,127.25,0.0
88,2020-08-02 20:00:00,35.05,127.25,0.0
89,2020-08-02 20:30:00,35.05,127.25,0.0
90,2020-08-02 21:00:00,35.05,127.25,0.0
91,2020-08-02 21:30:00,35.05,127.25,0.0
92,2020-08-02 22:00:00,35.05,127.25,0.0
93,2020-08-02 22:30:00,35.05,127.25,0.0
94,2020-08-02 23:00:00,35.05,127.25,0.0
95,2020-08-02 23:30:00,35.05,127.25,0.0
96,2020-08-03 00:00:00,35.05,127.25,0.0
97,2020-08-03 00:30:00,35.05,127.25,0.0
98,2020-08-03 01:00:00,35.05,127.25,0.0
99,2020-08-03 01:30:00,35.05,127.25,0.0
100,2020-08-03 02:00:00,35.05,127.25,0.0
101,2020-08-03 02:30:00,35.05,127.25,0.0
102,2020-08-03 03:00:00,35.05,127.25,0.0
103,2020-08-03 03:30:00,35.05,127.25,0.0
104,2020-08-03 04:00:00,35.05,127.25,0.0
105,2020-08-03 04:30:00,35.05,127.25,0.0
106,2020-08-03 05:00:00,35.05,127.25,0.0
107,2020-08-03 05:30:00,35.05,127.25,0.0
108,2020-08-03 06:00:00,35.05,127.25,0.4751333
109,2020-08-03 06:30:00,35.05,127.25,0.154641
110,2020-08-03 07:00:00,35.05,127.25,0.056099914
111,2020-08-03 07:30:00,35.05,127.25,0.0
112,2020-08-03 08:00:00,35.05,127.25,0.0
113,2020-08-03 08:30:00,35.05,127.25,0.0
114,2020-08-03 09:00:00,35.05,127.25,0.0
115,2020-08-03 09:30:00,35.05,127.25,0.0
116,2020-08-03 10:00:00,35.05,127.25,0.0
117,2020-08-03 10:30:00,35.05,127.25,0.0
118,2020-08-03 11:00:00,35.05,127.25,0.0
119,2020-08-03 11:30:00,35.05,127.25,0.0
120,2020-08-03 12:00:00,35.05,127.25,0.0
121,2020-08-03 12:30:00,35.05,127.25,0.0
122,2020-08-03 13:00:00,35.05,127.25,0.0
123,2020-08-03 13:30:00,35.05,127.25,0.0
124,2020-08-03 14:00:00,35.05,127.25,0.0
125,2020-08-03 14:30:00,35.05,127.25,0.0
126,2020-08-03 15:00:00,35.05,127.25,0.0
127,2020-08-03 15:30:00,35.05,127.25,0.0
128,2020-08-03 16:00:00,35.05,127.25,0.0
129,2020-08-03 16:30:00,35.05,127.25,0.0
130,2020-08-03 17:00:00,35.05,127.25,0.0
131,2020-08-03 17:30:00,35.05,127.25,0.0
132,2020-08-03 18:00:00,35.05,127.25,0.0
133,2020-08-03 18:30:00,35.05,127.25,0.0
134,2020-08-03 19:00:00,35.05,127.25,0.0
135,2020-08-03 19:30:00,35.05,127.25,0.0
136,2020-08-03 20:00:00,35.05,127.25,0.0
137,2020-08-03 20:30:00,35.05,127.25,0.0
138,2020-08-03 21:00:00,35.05,127.25,0.0013680117
139,2020-08-03 21:30:00,35.05,127.25,0.0
140,2020-08-03 22:00:00,35.05,127.25,0.0
141,2020-08-03 22:30:00,35.05,127.25,0.0
142,2020-08-03 23:00:00,35.05,127.25,0.0
143,2020-08-03 23:30:00,35.05,127.25,0.0
144,2020-08-04 00:00:00,35.05,127.25,0.0
145,2020-08-04 00:30:00,35.05,127.25,0.0
146,2020-08-04 01:00:00,35.05,127.25,0.0
147,2020-08-04 01:30:00,35.05,127.25,0.0
148,2020-08-04 02:00:00,35.05,127.25,0.0
149,2020-08-04 02:30:00,35.05,127.25,0.0
150,2020-08-04 03:00:00,35.05,127.25,0.0
151,2020-08-04 03:30:00,35.05,127.25,0.0
152,2020-08-04 04:00:00,35.05,127.25,0.0
153,2020-08-04 04:30:00,35.05,127.25,0.0
154,2020-08-04 05:00:00,35.05,127.25,0.0
155,2020-08-04 05:30:00,35.05,127.25,0.0
156,2020-08-04 06:00:00,35.05,127.25,0.0
157,2020-08-04 06:30:00,35.05,127.25,0.0
158,2020-08-04 07:00:00,35.05,127.25,0.0
159,2020-08-04 07:30:00,35.05,127.25,0.0
160,2020-08-04 08:00:00,35.05,127.25,0.0
161,2020-08-04 08:30:00,35.05,127.25,0.006509589
162,2020-08-04 09:00:00,35.05,127.25,0.0
163,2020-08-04 09:30:00,35.05,127.25,0.0
164,2020-08-04 10:00:00,35.05,127.25,0.0
165,2020-08-04 10:30:00,35.05,127.25,0.15600397
166,2020-08-04 11:00:00,35.05,127.25,0.0
167,2020-08-04 11:30:00,35.05,127.25,0.0
168,2020-08-04 12:00:00,35.05,127.25,0.0
169,2020-08-04 12:30:00,35.05,127.25,0.0
170,2020-08-04 13:00:00,35.05,127.25,0.0
171,2020-08-04 13:30:00,35.05,127.25,0.0
172,2020-08-04 14:00:00,35.05,127.25,0.0
173,2020-08-04 14:30:00,35.05,127.25,0.0
174,2020-08-04 15:00:00,35.05,127.25,0.0
175,2020-08-04 15:30:00,35.05,127.25,0.0
176,2020-08-04 16:00:00,35.05,127.25,0.0
177,2020-08-04 16:30:00,35.05,127.25,0.0
178,2020-08-04 17:00:00,35.05,127.25,0.0
179,2020-08-04 17:30:00,35.05,127.25,0.0
180,2020-08-04 18:00:00,35.05,127.25,0.0
181,2020-08-04 18:30:00,35.05,127.25,0.0
182,2020-08-04 19:00:00,35.05,127.25,0.0
183,2020-08-04 19:30:00,35.05,127.25,0.0
184,2020-08-04 20:00:00,35.05,127.25,0.0
185,2020-08-04 20:30:00,35.05,127.25,0.0
186,2020-08-04 21:00:00,35.05,127.25,0.0
187,2020-08-04 21:30:00,35.05,127.25,0.0
188,2020-08-04 22:00:00,35.05,127.25,0.0
189,2020-08-04 22:30:00,35.05,127.25,0.123778336
190,2020-08-04 23:00:00,35.05,127.25,0.47288108
191,2020-08-04 23:30:00,35.05,127.25,0.76768994
192,2020-08-05 00:00:00,35.05,127.25,2.1502948
193,2020-08-05 00:30:00,35.05,127.25,2.49
194,2020-08-05 01:00:00,35.05,127.25,3.1447754
195,2020-08-05 01:30:00,35.05,127.25,3.6799998
196,2020-08-05 02:00:00,35.05,127.25,3.3087358
197,2020-08-05 02:30:00,35.05,127.25,3.6855273
198,2020-08-05 03:00:00,35.05,127.25,1.6990378
199,2020-08-05 03:30:00,35.05,127.25,1.2228909
200,2020-08-05 04:00:00,35.05,127.25,0.47
201,2020-08-05 04:30:00,35.05,127.25,0.0
202,2020-08-05 05:00:00,35.05,127.25,0.007068622
203,2020-08-05 05:30:00,35.05,127.25,0.14041716
204,2020-08-05 06:00:00,35.05,127.25,0.02639272
205,2020-08-05 06:30:00,35.05,127.25,0.04
206,2020-08-05 07:00:00,35.05,127.25,0.02067251
207,2020-08-05 07:30:00,35.05,127.25,0.0
208,2020-08-05 08:00:00,35.05,127.25,0.0
209,2020-08-05 08:30:00,35.05,127.25,0.0
210,2020-08-05 09:00:00,35.05,127.25,0.0
211,2020-08-05 09:30:00,35.05,127.25,0.0
212,2020-08-05 10:00:00,35.05,127.25,0.0
213,2020-08-05 10:30:00,35.05,127.25,0.0
214,2020-08-05 11:00:00,35.05,127.25,0.0
215,2020-08-05 11:30:00,35.05,127.25,0.0
216,2020-08-05 12:00:00,35.05,127.25,0.0
217,2020-08-05 12:30:00,35.05,127.25,0.0
218,2020-08-05 13:00:00,35.05,127.25,0.0
219,2020-08-05 13:30:00,35.05,127.25,0.043552093
220,2020-08-05 14:00:00,35.05,127.25,0.038339887
221,2020-08-05 14:30:00,35.05,127.25,0.055946123
222,2020-08-05 15:00:00,35.05,127.25,0.096670195
223,2020-08-05 15:30:00,35.05,127.25,0.13072042
224,2020-08-05 16:00:00,35.05,127.25,0.4259045
225,2020-08-05 16:30:00,35.05,127.25,0.88723814
226,2020-08-05 17:00:00,35.05,127.25,1.5999999
227,2020-08-05 17:30:00,35.05,127.25,1.8030009
228,2020-08-05 18:00:00,35.05,127.25,1.8927224
229,2020-08-05 18:30:00,35.05,127.25,2.1299999
230,2020-08-05 19:00:00,35.05,127.25,2.3724086
231,2020-08-05 19:30:00,35.05,127.25,2.6842375
232,2020-08-05 20:00:00,35.05,127.25,0.11
233,2020-08-05 20:30:00,35.05,127.25,0.26999998
234,2020-08-05 21:00:00,35.05,127.25,0.32468206
235,2020-08-05 21:30:00,35.05,127.25,0.26808992
236,2020-08-05 22:00:00,35.05,127.25,0.0
237,2020-08-05 22:30:00,35.05,127.25,0.03934592
238,2020-08-05 23:00:00,35.05,127.25,0.46320605
239,2020-08-05 23:30:00,35.05,127.25,12.252267
240,2020-08-06 00:00:00,35.05,127.25,2.2519045
241,2020-08-06 00:30:00,35.05,127.25,1.2640916
242,2020-08-06 01:00:00,35.05,127.25,1.39
243,2020-08-06 01:30:00,35.05,127.25,1.2647105
244,2020-08-06 02:00:00,35.05,127.25,2.402149
245,2020-08-06 02:30:00,35.05,127.25,0.6493207
246,2020-08-06 03:00:00,35.05,127.25,0.8898283
247,2020-08-06 03:30:00,35.05,127.25,0.044293486
248,2020-08-06 04:00:00,35.05,127.25,0.0
249,2020-08-06 04:30:00,35.05,127.25,0.0
250,2020-08-06 05:00:00,35.05,127.25,0.0
251,2020-08-06 05:30:00,35.05,127.25,0.0
252,2020-08-06 06:00:00,35.05,127.25,0.0
253,2020-08-06 06:30:00,35.05,127.25,0.0
254,2020-08-06 07:00:00,35.05,127.25,0.0
255,2020-08-06 07:30:00,35.05,127.25,0.0
256,2020-08-06 08:00:00,35.05,127.25,0.0
257,2020-08-06 08:30:00,35.05,127.25,0.0
258,2020-08-06 09:00:00,35.05,127.25,0.0
259,2020-08-06 09:30:00,35.05,127.25,0.0
260,2020-08-06 10:00:00,35.05,127.25,0.0
261,2020-08-06 10:30:00,35.05,127.25,0.037836336
262,2020-08-06 11:00:00,35.05,127.25,0.0
263,2020-08-06 11:30:00,35.05,127.25,0.0
264,2020-08-06 12:00:00,35.05,127.25,0.0
265,2020-08-06 12:30:00,35.05,127.25,0.0
266,2020-08-06 13:00:00,35.05,127.25,0.0
267,2020-08-06 13:30:00,35.05,127.25,0.0
268,2020-08-06 14:00:00,35.05,127.25,0.03415238
269,2020-08-06 14:30:00,35.05,127.25,0.47635135
270,2020-08-06 15:00:00,35.05,127.25,0.0
271,2020-08-06 15:30:00,35.05,127.25,0.0
272,2020-08-06 16:00:00,35.05,127.25,0.0
273,2020-08-06 16:30:00,35.05,127.25,0.0
274,2020-08-06 17:00:00,35.05,127.25,0.0
275,2020-08-06 17:30:00,35.05,127.25,0.0
276,2020-08-06 18:00:00,35.05,127.25,0.0023021968
277,2020-08-06 18:30:00,35.05,127.25,0.014753266
278,2020-08-06 19:00:00,35.05,127.25,0.5546947
279,2020-08-06 19:30:00,35.05,127.25,0.20026648
280,2020-08-06 20:00:00,35.05,127.25,0.0
281,2020-08-06 20:30:00,35.05,127.25,0.40127018
282,2020-08-06 21:00:00,35.05,127.25,0.0
283,2020-08-06 21:30:00,35.05,127.25,0.0
284,2020-08-06 22:00:00,35.05,127.25,0.0
285,2020-08-06 22:30:00,35.05,127.25,0.0
286,2020-08-06 23:00:00,35.05,127.25,0.0
287,2020-08-06 23:30:00,35.05,127.25,0.09187724
288,2020-08-07 00:00:00,35.05,127.25,0.12580173
289,2020-08-07 00:30:00,35.05,127.25,0.19267148
290,2020-08-07 01:00:00,35.05,127.25,0.25
291,2020-08-07 01:30:00,35.05,127.25,0.37
292,2020-08-07 02:00:00,35.05,127.25,5.4433126
293,2020-08-07 02:30:00,35.05,127.25,5.202001
294,2020-08-07 03:00:00,35.05,127.25,3.5929203
295,2020-08-07 03:30:00,35.05,127.25,2.62
296,2020-08-07 04:00:00,35.05,127.25,18.84
297,2020-08-07 04:30:00,35.05,127.25,29.17429
298,2020-08-07 05:00:00,35.05,127.25,42.76
299,2020-08-07 05:30:00,35.05,127.25,37.497097
300,2020-08-07 06:00:00,35.05,127.25,24.775751
301,2020-08-07 06:30:00,35.05,127.25,17.97514
302,2020-08-07 07:00:00,35.05,127.25,19.74475
303,2020-08-07 07:30:00,35.05,127.25,12.37
304,2020-08-07 08:00:00,35.05,127.25,10.14979
305,2020-08-07 08:30:00,35.05,127.25,9.464441
306,2020-08-07 09:00:00,35.05,127.25,8.0
307,2020-08-07 09:30:00,35.05,127.25,7.963681
308,2020-08-07 10:00:00,35.05,127.25,5.8390822
309,2020-08-07 10:30:00,35.05,127.25,5.433073
310,2020-08-07 11:00:00,35.05,127.25,5.6460533
311,2020-08-07 11:30:00,35.05,127.25,7.6667
312,2020-08-07 12:00:00,35.05,127.25,7.64
313,2020-08-07 12:30:00,35.05,127.25,3.821393
314,2020-08-07 13:00:00,35.05,127.25,0.7
315,2020-08-07 13:30:00,35.05,127.25,0.7
316,2020-08-07 14:00:00,35.05,127.25,0.47019163
317,2020-08-07 14:30:00,35.05,127.25,2.4240553
318,2020-08-07 15:00:00,35.05,127.25,14.222452
319,2020-08-07 15:30:00,35.05,127.25,18.129808
320,2020-08-07 16:00:00,35.05,127.25,1.486244
321,2020-08-07 16:30:00,35.05,127.25,0.5996057
322,2020-08-07 17:00:00,35.05,127.25,27.01468
323,2020-08-07 17:30:00,35.05,127.25,48.6
324,2020-08-07 18:00:00,35.05,127.25,55.69
325,2020-08-07 18:30:00,35.05,127.25,40.720985
326,2020-08-07 19:00:00,35.05,127.25,33.14371
327,2020-08-07 19:30:00,35.05,127.25,33.159542
328,2020-08-07 20:00:00,35.05,127.25,8.59
329,2020-08-07 20:30:00,35.05,127.25,8.59
330,2020-08-07 21:00:00,35.05,127.25,22.432629
331,2020-08-07 21:30:00,35.05,127.25,30.099998
332,2020-08-07 22:00:00,35.05,127.25,21.45497
333,2020-08-07 22:30:00,35.05,127.25,10.09
334,2020-08-07 23:00:00,35.05,127.25,9.766922
335,2020-08-07 23:30:00,35.05,127.25,6.9779334
336,2020-08-08 00:00:00,35.05,127.25,5.09348
337,2020-08-08 00:30:00,35.05,127.25,5.8837104
338,2020-08-08 01:00:00,35.05,127.25,23.701492
339,2020-08-08 01:30:00,35.05,127.25,25.31
340,2020-08-08 02:00:00,35.05,127.25,22.100979
341,2020-08-08 02:30:00,35.05,127.25,18.342415
342,2020-08-08 03:00:00,35.05,127.25,9.768854
343,2020-08-08 03:30:00,35.05,127.25,7.735298
344,2020-08-08 04:00:00,35.05,127.25,3.27
345,2020-08-08 04:30:00,35.05,127.25,0.0
346,2020-08-08 05:00:00,35.05,127.25,0.010816349
347,2020-08-08 05:30:00,35.05,127.25,0.14651445
348,2020-08-08 06:00:00,35.05,127.25,0.026172508
349,2020-08-08 06:30:00,35.05,127.25,0.056346405
350,2020-08-08 07:00:00,35.05,127.25,0.10630437
351,2020-08-08 07:30:00,35.05,127.25,0.12
352,2020-08-08 08:00:00,35.05,127.25,0.059033103
353,2020-08-08 08:30:00,35.05,127.25,0.040213488
354,2020-08-08 09:00:00,35.05,127.25,0.0
355,2020-08-08 09:30:00,35.05,127.25,0.0
356,2020-08-08 10:00:00,35.05,127.25,0.69587415
357,2020-08-08 10:30:00,35.05,127.25,0.0
358,2020-08-08 11:00:00,35.05,127.25,0.0
359,2020-08-08 11:30:00,35.05,127.25,0.0
360,2020-08-08 12:00:00,35.05,127.25,0.0
361,2020-08-08 12:30:00,35.05,127.25,0.0
362,2020-08-08 13:00:00,35.05,127.25,0.40052372
363,2020-08-08 13:30:00,35.05,127.25,0.04724022
364,2020-08-08 14:00:00,35.05,127.25,0.0014985568
365,2020-08-08 14:30:00,35.05,127.25,0.17847413
366,2020-08-08 15:00:00,35.05,127.25,0.50450754
367,2020-08-08 15:30:00,35.05,127.25,0.102043904
368,2020-08-08 16:00:00,35.05,127.25,8.5252075
369,2020-08-08 16:30:00,35.05,127.25,0.0
370,2020-08-08 17:00:00,35.05,127.25,0.0
371,2020-08-08 17:30:00,35.05,127.25,0.0
372,2020-08-08 18:00:00,35.05,127.25,0.0
373,2020-08-08 18:30:00,35.05,127.25,0.0
374,2020-08-08 19:00:00,35.05,127.25,0.0
375,2020-08-08 19:30:00,35.05,127.25,0.0
376,2020-08-08 20:00:00,35.05,127.25,0.0
377,2020-08-08 20:30:00,35.05,127.25,0.0
378,2020-08-08 21:00:00,35.05,127.25,0.0
379,2020-08-08 21:30:00,35.05,127.25,0.010627358
380,2020-08-08 22:00:00,35.05,127.25,0.37004536
381,2020-08-08 22:30:00,35.05,127.25,0.0
382,2020-08-08 23:00:00,35.05,127.25,0.0
383,2020-08-08 23:30:00,35.05,127.25,0.0
384,2020-08-09 00:00:00,35.05,127.25,0.0
385,2020-08-09 00:30:00,35.05,127.25,0.0
386,2020-08-09 01:00:00,35.05,127.25,0.008490594
387,2020-08-09 01:30:00,35.05,127.25,0.0
388,2020-08-09 02:00:00,35.05,127.25,0.0
389,2020-08-09 02:30:00,35.05,127.25,0.0
390,2020-08-09 03:00:00,35.05,127.25,0.0
391,2020-08-09 03:30:00,35.05,127.25,0.0
392,2020-08-09 04:00:00,35.05,127.25,0.0
393,2020-08-09 04:30:00,35.05,127.25,0.02
394,2020-08-09 05:00:00,35.05,127.25,0.0
395,2020-08-09 05:30:00,35.05,127.25,0.0
396,2020-08-09 06:00:00,35.05,127.25,0.0
397,2020-08-09 06:30:00,35.05,127.25,0.0
398,2020-08-09 07:00:00,35.05,127.25,0.0
399,2020-08-09 07:30:00,35.05,127.25,0.0
400,2020-08-09 08:00:00,35.05,127.25,0.0
401,2020-08-09 08:30:00,35.05,127.25,0.0
402,2020-08-09 09:00:00,35.05,127.25,0.0
403,2020-08-09 09:30:00,35.05,127.25,0.0
404,2020-08-09 10:00:00,35.05,127.25,0.0
405,2020-08-09 10:30:00,35.05,127.25,0.0
406,2020-08-09 11:00:00,35.05,127.25,0.0
407,2020-08-09 11:30:00,35.05,127.25,0.0
408,2020-08-09 12:00:00,35.05,127.25,0.0
409,2020-08-09 12:30:00,35.05,127.25,0.0
410,2020-08-09 13:00:00,35.05,127.25,0.0
411,2020-08-09 13:30:00,35.05,127.25,0.0
412,2020-08-09 14:00:00,35.05,127.25,0.0
413,2020-08-09 14:30:00,35.05,127.25,0.0
414,2020-08-09 15:00:00,35.05,127.25,0.0
415,2020-08-09 15:30:00,35.05,127.25,0.0
416,2020-08-09 16:00:00,35.05,127.25,0.0
417,2020-08-09 16:30:00,35.05,127.25,0.0
418,2020-08-09 17:00:00,35.05,127.25,0.0
419,2020-08-09 17:30:00,35.05,127.25,0.0
420,2020-08-09 18:00:00,35.05,127.25,0.0
421,2020-08-09 18:30:00,35.05,127.25,0.0
422,2020-08-09 19:00:00,35.05,127.25,0.0
423,2020-08-09 19:30:00,35.05,127.25,0.0
424,2020-08-09 20:00:00,35.05,127.25,0.3566008
425,2020-08-09 20:30:00,35.05,127.25,0.0
426,2020-08-09 21:00:00,35.05,127.25,0.0
427,2020-08-09 21:30:00,35.05,127.25,0.0005146508
428,2020-08-09 22:00:00,35.05,127.25,0.00814925
429,2020-08-09 22:30:00,35.05,127.25,0.018043352
430,2020-08-09 23:00:00,35.05,127.25,0.06016496
431,2020-08-09 23:30:00,35.05,127.25,0.09925786
432,2020-08-10 00:00:00,35.05,127.25,0.3533287
433,2020-08-10 00:30:00,35.05,127.25,0.11
434,2020-08-10 01:00:00,35.05,127.25,3.9396114
435,2020-08-10 01:30:00,35.05,127.25,7.1299996
436,2020-08-10 02:00:00,35.05,127.25,2.687391
437,2020-08-10 02:30:00,35.05,127.25,1.39
438,2020-08-10 03:00:00,35.05,127.25,3.9135737
439,2020-08-10 03:30:00,35.05,127.25,11.654111
440,2020-08-10 04:00:00,35.05,127.25,3.49
441,2020-08-10 04:30:00,35.05,127.25,3.8850515
442,2020-08-10 05:00:00,35.05,127.25,10.86
443,2020-08-10 05:30:00,35.05,127.25,10.023114
444,2020-08-10 06:00:00,35.05,127.25,2.8524213
445,2020-08-10 06:30:00,35.05,127.25,1.7725095
446,2020-08-10 07:00:00,35.05,127.25,0.37
447,2020-08-10 07:30:00,35.05,127.25,0.27088445
448,2020-08-10 08:00:00,35.05,127.25,0.11
449,2020-08-10 08:30:00,35.05,127.25,0.04
450,2020-08-10 09:00:00,35.05,127.25,0.3030567
451,2020-08-10 09:30:00,35.05,127.25,0.59
452,2020-08-10 10:00:00,35.05,127.25,0.08004409
453,2020-08-10 10:30:00,35.05,127.25,0.050448675
454,2020-08-10 11:00:00,35.05,127.25,0.0
455,2020-08-10 11:30:00,35.05,127.25,0.04169312
456,2020-08-10 12:00:00,35.05,127.25,0.0
457,2020-08-10 12:30:00,35.05,127.25,0.0
458,2020-08-10 13:00:00,35.05,127.25,0.0
459,2020-08-10 13:30:00,35.05,127.25,0.0
460,2020-08-10 14:00:00,35.05,127.25,0.0
461,2020-08-10 14:30:00,35.05,127.25,0.0
462,2020-08-10 15:00:00,35.05,127.25,0.0
463,2020-08-10 15:30:00,35.05,127.25,0.0
464,2020-08-10 16:00:00,35.05,127.25,0.0
465,2020-08-10 16:30:00,35.05,127.25,0.0
466,2020-08-10 17:00:00,35.05,127.25,0.0
467,2020-08-10 17:30:00,35.05,127.25,0.0
468,2020-08-10 18:00:00,35.05,127.25,0.0
469,2020-08-10 18:30:00,35.05,127.25,0.0
470,2020-08-10 19:00:00,35.05,127.25,0.0
471,2020-08-10 19:30:00,35.05,127.25,0.0
472,2020-08-10 20:00:00,35.05,127.25,0.0
473,2020-08-10 20:30:00,35.05,127.25,0.0
474,2020-08-10 21:00:00,35.05,127.25,0.0
475,2020-08-10 21:30:00,35.05,127.25,0.0
476,2020-08-10 22:00:00,35.05,127.25,0.0
477,2020-08-10 22:30:00,35.05,127.25,0.0
478,2020-08-10 23:00:00,35.05,127.25,0.0
479,2020-08-10 23:30:00,35.05,127.25,0.0
480,2020-08-11 00:00:00,35.05,127.25,0.0
481,2020-08-11 00:30:00,35.05,127.25,0.10731795
482,2020-08-11 01:00:00,35.05,127.25,0.0
483,2020-08-11 01:30:00,35.05,127.25,0.0140395295
484,2020-08-11 02:00:00,35.05,127.25,0.045519397
485,2020-08-11 02:30:00,35.05,127.25,0.04532641
486,2020-08-11 03:00:00,35.05,127.25,0.67358625
487,2020-08-11 03:30:00,35.05,127.25,1.74
488,2020-08-11 04:00:00,35.05,127.25,1.0052973
489,2020-08-11 04:30:00,35.05,127.25,0.0
490,2020-08-11 05:00:00,35.05,127.25,0.24591397
491,2020-08-11 05:30:00,35.05,127.25,0.0781121
492,2020-08-11 06:00:00,35.05,127.25,0.04672683
493,2020-08-11 06:30:00,35.05,127.25,0.05824086
494,2020-08-11 07:00:00,35.05,127.25,0.0
495,2020-08-11 07:30:00,35.05,127.25,2.7082024
496,2020-08-11 08:00:00,35.05,127.25,1.99
497,2020-08-11 08:30:00,35.05,127.25,0.0
498,2020-08-11 09:00:00,35.05,127.25,0.030242486
499,2020-08-11 09:30:00,35.05,127.25,0.07
500,2020-08-11 10:00:00,35.05,127.25,0.06151613
501,2020-08-11 10:30:00,35.05,127.25,0.036065403
502,2020-08-11 11:00:00,35.05,127.25,0.020987554
503,2020-08-11 11:30:00,35.05,127.25,0.0116756465
504,2020-08-11 12:00:00,35.05,127.25,0.0073978626
505,2020-08-11 12:30:00,35.05,127.25,0.0
506,2020-08-11 13:00:00,35.05,127.25,0.0
507,2020-08-11 13:30:00,35.05,127.25,0.0
508,2020-08-11 14:00:00,35.05,127.25,0.0
509,2020-08-11 14:30:00,35.05,127.25,0.0
510,2020-08-11 15:00:00,35.05,127.25,0.0
511,2020-08-11 15:30:00,35.05,127.25,0.0
512,2020-08-11 16:00:00,35.05,127.25,0.0
513,2020-08-11 16:30:00,35.05,127.25,0.0
514,2020-08-11 17:00:00,35.05,127.25,0.0
515,2020-08-11 17:30:00,35.05,127.25,0.0
516,2020-08-11 18:00:00,35.05,127.25,0.0
517,2020-08-11 18:30:00,35.05,127.25,0.0
518,2020-08-11 19:00:00,35.05,127.25,0.0
519,2020-08-11 19:30:00,35.05,127.25,0.0
520,2020-08-11 20:00:00,35.05,127.25,0.0
521,2020-08-11 20:30:00,35.05,127.25,0.0
522,2020-08-11 21:00:00,35.05,127.25,0.0
523,2020-08-11 21:30:00,35.05,127.25,0.0
524,2020-08-11 22:00:00,35.05,127.25,0.0
525,2020-08-11 22:30:00,35.05,127.25,0.0
526,2020-08-11 23:00:00,35.05,127.25,0.29678154
527,2020-08-11 23:30:00,35.05,127.25,1.1414199
528,2020-08-12 00:00:00,35.05,127.25,0.0
529,2020-08-12 00:30:00,35.05,127.25,0.0
530,2020-08-12 01:00:00,35.05,127.25,0.0
531,2020-08-12 01:30:00,35.05,127.25,0.0
532,2020-08-12 02:00:00,35.05,127.25,0.0
533,2020-08-12 02:30:00,35.05,127.25,0.0
534,2020-08-12 03:00:00,35.05,127.25,0.0
535,2020-08-12 03:30:00,35.05,127.25,0.0
536,2020-08-12 04:00:00,35.05,127.25,0.0
537,2020-08-12 04:30:00,35.05,127.25,0.007279985
538,2020-08-12 05:00:00,35.05,127.25,0.00791416
539,2020-08-12 05:30:00,35.05,127.25,0.01981376
540,2020-08-12 06:00:00,35.05,127.25,0.039870013
541,2020-08-12 06:30:00,35.05,127.25,0.049999997
542,2020-08-12 07:00:00,35.05,127.25,0.049999997
543,2020-08-12 07:30:00,35.05,127.25,0.049999997
544,2020-08-12 08:00:00,35.05,127.25,0.0
545,2020-08-12 08:30:00,35.05,127.25,0.0
546,2020-08-12 09:00:00,35.05,127.25,0.0
547,2020-08-12 09:30:00,35.05,127.25,0.0
548,2020-08-12 10:00:00,35.05,127.25,0.0
549,2020-08-12 10:30:00,35.05,127.25,0.020987554
550,2020-08-12 11:00:00,35.05,127.25,0.013343596
551,2020-08-12 11:30:00,35.05,127.25,0.010568375
552,2020-08-12 12:00:00,35.05,127.25,0.0
553,2020-08-12 12:30:00,35.05,127.25,0.0
554,2020-08-12 13:00:00,35.05,127.25,0.0
555,2020-08-12 13:30:00,35.05,127.25,0.0
556,2020-08-12 14:00:00,35.05,127.25,0.0
557,2020-08-12 14:30:00,35.05,127.25,0.0
558,2020-08-12 15:00:00,35.05,127.25,0.0
559,2020-08-12 15:30:00,35.05,127.25,0.0
560,2020-08-12 16:00:00,35.05,127.25,0.0
561,2020-08-12 16:30:00,35.05,127.25,0.0
562,2020-08-12 17:00:00,35.05,127.25,0.0
563,2020-08-12 17:30:00,35.05,127.25,0.0
564,2020-08-12 18:00:00,35.05,127.25,0.0
565,2020-08-12 18:30:00,35.05,127.25,0.0
566,2020-08-12 19:00:00,35.05,127.25,0.0
567,2020-08-12 19:30:00,35.05,127.25,0.0
568,2020-08-12 20:00:00,35.05,127.25,0.0
569,2020-08-12 20:30:00,35.05,127.25,0.0
570,2020-08-12 21:00:00,35.05,127.25,0.0
571,2020-08-12 21:30:00,35.05,127.25,0.0
572,2020-08-12 22:00:00,35.05,127.25,0.0
573,2020-08-12 22:30:00,35.05,127.25,0.0
574,2020-08-12 23:00:00,35.05,127.25,0.0
575,2020-08-12 23:30:00,35.05,127.25,0.0
576,2020-08-13 00:00:00,35.05,127.25,0.0
577,2020-08-13 00:30:00,35.05,127.25,0.00069620804
578,2020-08-13 01:00:00,35.05,127.25,2.1556361e-06
579,2020-08-13 01:30:00,35.05,127.25,0.0
580,2020-08-13 02:00:00,35.05,127.25,0.0
581,2020-08-13 02:30:00,35.05,127.25,0.0
582,2020-08-13 03:00:00,35.05,127.25,0.0
583,2020-08-13 03:30:00,35.05,127.25,0.0
584,2020-08-13 04:00:00,35.05,127.25,0.0
585,2020-08-13 04:30:00,35.05,127.25,0.0
586,2020-08-13 05:00:00,35.05,127.25,0.0
587,2020-08-13 05:30:00,35.05,127.25,0.0
588,2020-08-13 06:00:00,35.05,127.25,0.0
589,2020-08-13 06:30:00,35.05,127.25,0.0
590,2020-08-13 07:00:00,35.05,127.25,0.0
591,2020-08-13 07:30:00,35.05,127.25,0.0
592,2020-08-13 08:00:00,35.05,127.25,0.0
593,2020-08-13 08:30:00,35.05,127.25,0.0
594,2020-08-13 09:00:00,35.05,127.25,0.0
595,2020-08-13 09:30:00,35.05,127.25,0.0
596,2020-08-13 10:00:00,35.05,127.25,0.0
597,2020-08-13 10:30:00,35.05,127.25,0.0
598,2020-08-13 11:00:00,35.05,127.25,0.0
599,2020-08-13 11:30:00,35.05,127.25,0.0
600,2020-08-13 12:00:00,35.05,127.25,0.0
601,2020-08-13 12:30:00,35.05,127.25,0.0
602,2020-08-13 13:00:00,35.05,127.25,0.0
603,2020-08-13 13:30:00,35.05,127.25,0.0
604,2020-08-13 14:00:00,35.05,127.25,0.0
605,2020-08-13 14:30:00,35.05,127.25,0.0
606,2020-08-13 15:00:00,35.05,127.25,0.0
607,2020-08-13 15:30:00,35.05,127.25,0.0
608,2020-08-13 16:00:00,35.05,127.25,0.0
609,2020-08-13 16:30:00,35.05,127.25,0.0
610,2020-08-13 17:00:00,35.05,127.25,0.0
611,2020-08-13 17:30:00,35.05,127.25,0.0
612,2020-08-13 18:00:00,35.05,127.25,0.0
613,2020-08-13 18:30:00,35.05,127.25,0.0
614,2020-08-13 19:00:00,35.05,127.25,0.0
615,2020-08-13 19:30:00,35.05,127.25,0.0
616,2020-08-13 20:00:00,35.05,127.25,0.0
617,2020-08-13 20:30:00,35.05,127.25,0.0
618,2020-08-13 21:00:00,35.05,127.25,0.0
619,2020-08-13 21:30:00,35.05,127.25,0.0
620,2020-08-13 22:00:00,35.05,127.25,0.0
621,2020-08-13 22:30:00,35.05,127.25,0.0
622,2020-08-13 23:00:00,35.05,127.25,0.0
623,2020-08-13 23:30:00,35.05,127.25,0.0
624,2020-08-14 00:00:00,35.05,127.25,0.0
625,2020-08-14 00:30:00,35.05,127.25,0.0
626,2020-08-14 01:00:00,35.05,127.25,0.0
627,2020-08-14 01:30:00,35.05,127.25,0.0
628,2020-08-14 02:00:00,35.05,127.25,0.0
629,2020-08-14 02:30:00,35.05,127.25,0.0
630,2020-08-14 03:00:00,35.05,127.25,0.0
631,2020-08-14 03:30:00,35.05,127.25,0.0
632,2020-08-14 04:00:00,35.05,127.25,0.0
633,2020-08-14 04:30:00,35.05,127.25,0.0
634,2020-08-14 05:00:00,35.05,127.25,0.0
635,2020-08-14 05:30:00,35.05,127.25,0.0
636,2020-08-14 06:00:00,35.05,127.25,0.0
637,2020-08-14 06:30:00,35.05,127.25,0.0
638,2020-08-14 07:00:00,35.05,127.25,0.0
639,2020-08-14 07:30:00,35.05,127.25,0.0
640,2020-08-14 08:00:00,35.05,127.25,0.0
641,2020-08-14 08:30:00,35.05,127.25,0.0
642,2020-08-14 09:00:00,35.05,127.25,0.0
643,2020-08-14 09:30:00,35.05,127.25,0.0
644,2020-08-14 10:00:00,35.05,127.25,0.0
645,2020-08-14 10:30:00,35.05,127.25,0.0
646,2020-08-14 11:00:00,35.05,127.25,0.0
647,2020-08-14 11:30:00,35.05,127.25,0.0
648,2020-08-14 12:00:00,35.05,127.25,0.0
649,2020-08-14 12:30:00,35.05,127.25,0.0
650,2020-08-14 13:00:00,35.05,127.25,0.0
651,2020-08-14 13:30:00,35.05,127.25,0.0
652,2020-08-14 14:00:00,35.05,127.25,0.0
653,2020-08-14 14:30:00,35.05,127.25,0.0
654,2020-08-14 15:00:00,35.05,127.25,0.0
655,2020-08-14 15:30:00,35.05,127.25,0.0
656,2020-08-14 16:00:00,35.05,127.25,0.0
657,2020-08-14 16:30:00,35.05,127.25,0.0
658,2020-08-14 17:00:00,35.05,127.25,0.0
659,2020-08-14 17:30:00,35.05,127.25,0.0
660,2020-08-14 18:00:00,35.05,127.25,0.0
661,2020-08-14 18:30:00,35.05,127.25,0.0
662,2020-08-14 19:00:00,35.05,127.25,0.0
663,2020-08-14 19:30:00,35.05,127.25,0.0
664,2020-08-14 20:00:00,35.05,127.25,0.0
665,2020-08-14 20:30:00,35.05,127.25,0.0
666,2020-08-14 21:00:00,35.05,127.25,0.0
667,2020-08-14 21:30:00,35.05,127.25,0.0
668,2020-08-14 22:00:00,35.05,127.25,0.0
669,2020-08-14 22:30:00,35.05,127.25,0.0
670,2020-08-14 23:00:00,35.05,127.25,0.0
671,2020-08-14 23:30:00,35.05,127.25,0.0
672,2020-08-15 00:00:00,35.05,127.25,0.0
673,2020-08-15 00:30:00,35.05,127.25,0.0
674,2020-08-15 01:00:00,35.05,127.25,0.0
675,2020-08-15 01:30:00,35.05,127.25,0.0
676,2020-08-15 02:00:00,35.05,127.25,0.0
677,2020-08-15 02:30:00,35.05,127.25,0.0
678,2020-08-15 03:00:00,35.05,127.25,0.0
679,2020-08-15 03:30:00,35.05,127.25,0.0
680,2020-08-15 04:00:00,35.05,127.25,0.0
681,2020-08-15 04:30:00,35.05,127.25,0.0
682,2020-08-15 05:00:00,35.05,127.25,0.0
683,2020-08-15 05:30:00,35.05,127.25,0.0
684,2020-08-15 06:00:00,35.05,127.25,0.0
685,2020-08-15 06:30:00,35.05,127.25,0.0
686,2020-08-15 07:00:00,35.05,127.25,0.0
687,2020-08-15 07:30:00,35.05,127.25,0.0
688,2020-08-15 08:00:00,35.05,127.25,0.0
689,2020-08-15 08:30:00,35.05,127.25,0.0
690,2020-08-15 09:00:00,35.05,127.25,0.0
691,2020-08-15 09:30:00,35.05,127.25,0.0
692,2020-08-15 10:00:00,35.05,127.25,0.0
693,2020-08-15 10:30:00,35.05,127.25,0.0
694,2020-08-15 11:00:00,35.05,127.25,0.0
695,2020-08-15 11:30:00,35.05,127.25,0.0
696,2020-08-15 12:00:00,35.05,127.25,0.0
697,2020-08-15 12:30:00,35.05,127.25,0.0
698,2020-08-15 13:00:00,35.05,127.25,0.0
699,2020-08-15 13:30:00,35.05,127.25,0.0
700,2020-08-15 14:00:00,35.05,127.25,0.0
701,2020-08-15 14:30:00,35.05,127.25,0.0
702,2020-08-15 15:00:00,35.05,127.25,0.0
703,2020-08-15 15:30:00,35.05,127.25,0.0
704,2020-08-15 16:00:00,35.05,127.25,0.0
705,2020-08-15 16:30:00,35.05,127.25,0.0
706,2020-08-15 17:00:00,35.05,127.25,0.0
707,2020-08-15 17:30:00,35.05,127.25,0.0
708,2020-08-15 18:00:00,35.05,127.25,0.0
709,2020-08-15 18:30:00,35.05,127.25,0.0
710,2020-08-15 19:00:00,35.05,127.25,0.0
711,2020-08-15 19:30:00,35.05,127.25,0.0
712,2020-08-15 20:00:00,35.05,127.25,0.0
713,2020-08-15 20:30:00,35.05,127.25,0.0
714,2020-08-15 21:00:00,35.05,127.25,0.0
715,2020-08-15 21:30:00,35.05,127.25,0.0
716,2020-08-15 22:00:00,35.05,127.25,0.0
717,2020-08-15 22:30:00,35.05,127.25,0.0
718,2020-08-15 23:00:00,35.05,127.25,0.0
719,2020-08-15 23:30:00,35.05,127.25,0.0
720,2020-08-16 00:00:00,35.05,127.25,0.0
721,2020-08-16 00:30:00,35.05,127.25,0.0
722,2020-08-16 01:00:00,35.05,127.25,0.0
723,2020-08-16 01:30:00,35.05,127.25,0.0
724,2020-08-16 02:00:00,35.05,127.25,0.0
725,2020-08-16 02:30:00,35.05,127.25,0.0
726,2020-08-16 03:00:00,35.05,127.25,0.0
727,2020-08-16 03:30:00,35.05,127.25,0.0
728,2020-08-16 04:00:00,35.05,127.25,0.0
729,2020-08-16 04:30:00,35.05,127.25,0.0
730,2020-08-16 05:00:00,35.05,127.25,0.0
731,2020-08-16 05:30:00,35.05,127.25,0.0
732,2020-08-16 06:00:00,35.05,127.25,0.0
733,2020-08-16 06:30:00,35.05,127.25,0.0
734,2020-08-16 07:00:00,35.05,127.25,0.0
735,2020-08-16 07:30:00,35.05,127.25,0.0
736,2020-08-16 08:00:00,35.05,127.25,0.0
737,2020-08-16 08:30:00,35.05,127.25,0.0
738,2020-08-16 09:00:00,35.05,127.25,0.0
739,2020-08-16 09:30:00,35.05,127.25,0.0
740,2020-08-16 10:00:00,35.05,127.25,0.0
741,2020-08-16 10:30:00,35.05,127.25,0.0
742,2020-08-16 11:00:00,35.05,127.25,0.0
743,2020-08-16 11:30:00,35.05,127.25,0.0
744,2020-08-16 12:00:00,35.05,127.25,0.0
745,2020-08-16 12:30:00,35.05,127.25,0.0
746,2020-08-16 13:00:00,35.05,127.25,0.0
747,2020-08-16 13:30:00,35.05,127.25,0.0
748,2020-08-16 14:00:00,35.05,127.25,0.0
749,2020-08-16 14:30:00,35.05,127.25,0.0
750,2020-08-16 15:00:00,35.05,127.25,0.0
751,2020-08-16 15:30:00,35.05,127.25,0.0
752,2020-08-16 16:00:00,35.05,127.25,0.0
753,2020-08-16 16:30:00,35.05,127.25,0.0
754,2020-08-16 17:00:00,35.05,127.25,0.0
755,2020-08-16 17:30:00,35.05,127.25,0.0
756,2020-08-16 18:00:00,35.05,127.25,0.0
757,2020-08-16 18:30:00,35.05,127.25,0.0
758,2020-08-16 19:00:00,35.05,127.25,0.0
759,2020-08-16 19:30:00,35.05,127.25,0.0
760,2020-08-16 20:00:00,35.05,127.25,0.0
761,2020-08-16 20:30:00,35.05,127.25,0.0
762,2020-08-16 21:00:00,35.05,127.25,0.0
763,2020-08-16 21:30:00,35.05,127.25,0.0
764,2020-08-16 22:00:00,35.05,127.25,0.0
765,2020-08-16 22:30:00,35.05,127.25,0.0
766,2020-08-16 23:00:00,35.05,127.25,0.0
767,2020-08-16 23:30:00,35.05,127.25,0.0
768,2020-08-17 00:00:00,35.05,127.25,0.0
769,2020-08-17 00:30:00,35.05,127.25,0.0
770,2020-08-17 01:00:00,35.05,127.25,0.0
771,2020-08-17 01:30:00,35.05,127.25,0.0
772,2020-08-17 02:00:00,35.05,127.25,0.0
773,2020-08-17 02:30:00,35.05,127.25,0.0
774,2020-08-17 03:00:00,35.05,127.25,0.0
775,2020-08-17 03:30:00,35.05,127.25,0.0
776,2020-08-17 04:00:00,35.05,127.25,0.0
777,2020-08-17 04:30:00,35.05,127.25,0.0
778,2020-08-17 05:00:00,35.05,127.25,0.0
779,2020-08-17 05:30:00,35.05,127.25,0.0
780,2020-08-17 06:00:00,35.05,127.25,0.0
781,2020-08-17 06:30:00,35.05,127.25,0.0
782,2020-08-17 07:00:00,35.05,127.25,0.0
783,2020-08-17 07:30:00,35.05,127.25,0.0
784,2020-08-17 08:00:00,35.05,127.25,0.0
785,2020-08-17 08:30:00,35.05,127.25,0.0
786,2020-08-17 09:00:00,35.05,127.25,0.0
787,2020-08-17 09:30:00,35.05,127.25,0.0
788,2020-08-17 10:00:00,35.05,127.25,0.0
789,2020-08-17 10:30:00,35.05,127.25,0.0
790,2020-08-17 11:00:00,35.05,127.25,0.0
791,2020-08-17 11:30:00,35.05,127.25,0.0
792,2020-08-17 12:00:00,35.05,127.25,0.0
793,2020-08-17 12:30:00,35.05,127.25,0.0
794,2020-08-17 13:00:00,35.05,127.25,0.0
795,2020-08-17 13:30:00,35.05,127.25,0.0
796,2020-08-17 14:00:00,35.05,127.25,0.0
797,2020-08-17 14:30:00,35.05,127.25,0.0
798,2020-08-17 15:00:00,35.05,127.25,0.0
799,2020-08-17 15:30:00,35.05,127.25,0.0
800,2020-08-17 16:00:00,35.05,127.25,0.0
801,2020-08-17 16:30:00,35.05,127.25,0.0
802,2020-08-17 17:00:00,35.05,127.25,0.0
803,2020-08-17 17:30:00,35.05,127.25,0.0
804,2020-08-17 18:00:00,35.05,127.25,0.0
805,2020-08-17 18:30:00,35.05,127.25,0.0
806,2020-08-17 19:00:00,35.05,127.25,0.0
807,2020-08-17 19:30:00,35.05,127.25,0.0
808,2020-08-17 20:00:00,35.05,127.25,0.0
809,2020-08-17 20:30:00,35.05,127.25,0.0
810,2020-08-17 21:00:00,35.05,127.25,0.0
811,2020-08-17 21:30:00,35.05,127.25,0.0
812,2020-08-17 22:00:00,35.05,127.25,0.0
813,2020-08-17 22:30:00,35.05,127.25,0.0
814,2020-08-17 23:00:00,35.05,127.25,0.0
815,2020-08-17 23:30:00,35.05,127.25,0.0
816,2020-08-18 00:00:00,35.05,127.25,0.0
817,2020-08-18 00:30:00,35.05,127.25,0.0
818,2020-08-18 01:00:00,35.05,127.25,0.0
819,2020-08-18 01:30:00,35.05,127.25,0.0
820,2020-08-18 02:00:00,35.05,127.25,0.0
821,2020-08-18 02:30:00,35.05,127.25,0.0
822,2020-08-18 03:00:00,35.05,127.25,0.0
823,2020-08-18 03:30:00,35.05,127.25,0.0
824,2020-08-18 04:00:00,35.05,127.25,0.0
825,2020-08-18 04:30:00,35.05,127.25,0.0
826,2020-08-18 05:00:00,35.05,127.25,0.0
827,2020-08-18 05:30:00,35.05,127.25,0.0
828,2020-08-18 06:00:00,35.05,127.25,0.0
829,2020-08-18 06:30:00,35.05,127.25,0.0
830,2020-08-18 07:00:00,35.05,127.25,0.0
831,2020-08-18 07:30:00,35.05,127.25,0.0
832,2020-08-18 08:00:00,35.05,127.25,0.0
833,2020-08-18 08:30:00,35.05,127.25,0.0
834,2020-08-18 09:00:00,35.05,127.25,0.0
835,2020-08-18 09:30:00,35.05,127.25,0.0
836,2020-08-18 10:00:00,35.05,127.25,0.0
837,2020-08-18 10:30:00,35.05,127.25,0.0
838,2020-08-18 11:00:00,35.05,127.25,0.0
839,2020-08-18 11:30:00,35.05,127.25,0.0
840,2020-08-18 12:00:00,35.05,127.25,0.0
841,2020-08-18 12:30:00,35.05,127.25,0.0
842,2020-08-18 13:00:00,35.05,127.25,0.0
843,2020-08-18 13:30:00,35.05,127.25,0.0
844,2020-08-18 14:00:00,35.05,127.25,0.0
845,2020-08-18 14:30:00,35.05,127.25,0.0
846,2020-08-18 15:00:00,35.05,127.25,0.0
847,2020-08-18 15:30:00,35.05,127.25,0.0
848,2020-08-18 16:00:00,35.05,127.25,0.0
849,2020-08-18 16:30:00,35.05,127.25,0.0
850,2020-08-18 17:00:00,35.05,127.25,0.0
851,2020-08-18 17:30:00,35.05,127.25,0.0
852,2020-08-18 18:00:00,35.05,127.25,0.0
853,2020-08-18 18:30:00,35.05,127.25,0.0
854,2020-08-18 19:00:00,35.05,127.25,0.0
855,2020-08-18 19:30:00,35.05,127.25,0.0
856,2020-08-18 20:00:00,35.05,127.25,0.0
857,2020-08-18 20:30:00,35.05,127.25,0.0
858,2020-08-18 21:00:00,35.05,127.25,0.0
859,2020-08-18 21:30:00,35.05,127.25,0.0
860,2020-08-18 22:00:00,35.05,127.25,0.0
861,2020-08-18 22:30:00,35.05,127.25,0.0
862,2020-08-18 23:00:00,35.05,127.25,0.0
863,2020-08-18 23:30:00,35.05,127.25,0.0
864,2020-08-19 00:00:00,35.05,127.25,0.0
865,2020-08-19 00:30:00,35.05,127.25,0.0
866,2020-08-19 01:00:00,35.05,127.25,0.0
867,2020-08-19 01:30:00,35.05,127.25,0.0
868,2020-08-19 02:00:00,35.05,127.25,0.0
869,2020-08-19 02:30:00,35.05,127.25,0.0
870,2020-08-19 03:00:00,35.05,127.25,0.0
871,2020-08-19 03:30:00,35.05,127.25,0.0
872,2020-08-19 04:00:00,35.05,127.25,0.0
873,2020-08-19 04:30:00,35.05,127.25,0.0
874,2020-08-19 05:00:00,35.05,127.25,0.0
875,2020-08-19 05:30:00,35.05,127.25,0.0
876,2020-08-19 06:00:00,35.05,127.25,0.0
877,2020-08-19 06:30:00,35.05,127.25,0.0
878,2020-08-19 07:00:00,35.05,127.25,0.0
879,2020-08-19 07:30:00,35.05,127.25,0.0
880,2020-08-19 08:00:00,35.05,127.25,0.0
881,2020-08-19 08:30:00,35.05,127.25,0.0
882,2020-08-19 09:00:00,35.05,127.25,0.0
883,2020-08-19 09:30:00,35.05,127.25,0.0
884,2020-08-19 10:00:00,35.05,127.25,0.0
885,2020-08-19 10:30:00,35.05,127.25,0.0
886,2020-08-19 11:00:00,35.05,127.25,0.0
887,2020-08-19 11:30:00,35.05,127.25,0.0
888,2020-08-19 12:00:00,35.05,127.25,0.0
889,2020-08-19 12:30:00,35.05,127.25,0.0
890,2020-08-19 13:00:00,35.05,127.25,0.0
891,2020-08-19 13:30:00,35.05,127.25,0.0
892,2020-08-19 14:00:00,35.05,127.25,0.0
893,2020-08-19 14:30:00,35.05,127.25,0.0
894,2020-08-19 15:00:00,35.05,127.25,0.0
895,2020-08-19 15:30:00,35.05,127.25,0.0
896,2020-08-19 16:00:00,35.05,127.25,0.0
897,2020-08-19 16:30:00,35.05,127.25,0.0
898,2020-08-19 17:00:00,35.05,127.25,0.0
899,2020-08-19 17:30:00,35.05,127.25,0.0
900,2020-08-19 18:00:00,35.05,127.25,0.0
901,2020-08-19 18:30:00,35.05,127.25,0.0
902,2020-08-19 19:00:00,35.05,127.25,0.0
903,2020-08-19 19:30:00,35.05,127.25,0.0
904,2020-08-19 20:00:00,35.05,127.25,0.0
905,2020-08-19 20:30:00,35.05,127.25,0.0
906,2020-08-19 21:00:00,35.05,127.25,0.0
907,2020-08-19 21:30:00,35.05,127.25,0.0
908,2020-08-19 22:00:00,35.05,127.25,0.0
909,2020-08-19 22:30:00,35.05,127.25,0.0
910,2020-08-19 23:00:00,35.05,127.25,0.0
911,2020-08-19 23:30:00,35.05,127.25,0.0
912,2020-08-20 00:00:00,35.05,127.25,0.0
913,2020-08-20 00:30:00,35.05,127.25,0.0
914,2020-08-20 01:00:00,35.05,127.25,0.0
915,2020-08-20 01:30:00,35.05,127.25,0.0
916,2020-08-20 02:00:00,35.05,127.25,0.0
917,2020-08-20 02:30:00,35.05,127.25,0.0
918,2020-08-20 03:00:00,35.05,127.25,0.0
919,2020-08-20 03:30:00,35.05,127.25,0.0
920,2020-08-20 04:00:00,35.05,127.25,0.0
921,2020-08-20 04:30:00,35.05,127.25,0.0
922,2020-08-20 05:00:00,35.05,127.25,0.0
923,2020-08-20 05:30:00,35.05,127.25,0.0
924,2020-08-20 06:00:00,35.05,127.25,0.0
925,2020-08-20 06:30:00,35.05,127.25,0.0
926,2020-08-20 07:00:00,35.05,127.25,0.0
927,2020-08-20 07:30:00,35.05,127.25,0.0
928,2020-08-20 08:00:00,35.05,127.25,0.0
929,2020-08-20 08:30:00,35.05,127.25,0.0
930,2020-08-20 09:00:00,35.05,127.25,0.0
931,2020-08-20 09:30:00,35.05,127.25,0.0
932,2020-08-20 10:00:00,35.05,127.25,0.0
933,2020-08-20 10:30:00,35.05,127.25,0.0
934,2020-08-20 11:00:00,35.05,127.25,0.0
935,2020-08-20 11:30:00,35.05,127.25,0.0
936,2020-08-20 12:00:00,35.05,127.25,0.0
937,2020-08-20 12:30:00,35.05,127.25,0.0
938,2020-08-20 13:00:00,35.05,127.25,0.0
939,2020-08-20 13:30:00,35.05,127.25,0.0
940,2020-08-20 14:00:00,35.05,127.25,0.0
941,2020-08-20 14:30:00,35.05,127.25,0.0
942,2020-08-20 15:00:00,35.05,127.25,0.0
943,2020-08-20 15:30:00,35.05,127.25,0.0
944,2020-08-20 16:00:00,35.05,127.25,0.0
945,2020-08-20 16:30:00,35.05,127.25,0.0
946,2020-08-20 17:00:00,35.05,127.25,0.0
947,2020-08-20 17:30:00,35.05,127.25,0.0
948,2020-08-20 18:00:00,35.05,127.25,0.0
949,2020-08-20 18:30:00,35.05,127.25,0.0
950,2020-08-20 19:00:00,35.05,127.25,0.0
951,2020-08-20 19:30:00,35.05,127.25,0.0
952,2020-08-20 20:00:00,35.05,127.25,0.0
953,2020-08-20 20:30:00,35.05,127.25,0.0
954,2020-08-20 21:00:00,35.05,127.25,0.0
955,2020-08-20 21:30:00,35.05,127.25,0.0
956,2020-08-20 22:00:00,35.05,127.25,0.0
957,2020-08-20 22:30:00,35.05,127.25,0.0
958,2020-08-20 23:00:00,35.05,127.25,0.0
959,2020-08-20 23:30:00,35.05,127.25,0.0
960,2020-08-21 00:00:00,35.05,127.25,0.0
961,2020-08-21 00:30:00,35.05,127.25,0.0
962,2020-08-21 01:00:00,35.05,127.25,0.0
963,2020-08-21 01:30:00,35.05,127.25,0.0
964,2020-08-21 02:00:00,35.05,127.25,0.0
965,2020-08-21 02:30:00,35.05,127.25,0.0
966,2020-08-21 03:00:00,35.05,127.25,0.0
967,2020-08-21 03:30:00,35.05,127.25,0.0
968,2020-08-21 04:00:00,35.05,127.25,0.0
969,2020-08-21 04:30:00,35.05,127.25,0.0
970,2020-08-21 05:00:00,35.05,127.25,0.0
971,2020-08-21 05:30:00,35.05,127.25,0.0
972,2020-08-21 06:00:00,35.05,127.25,0.0
973,2020-08-21 06:30:00,35.05,127.25,0.0
974,2020-08-21 07:00:00,35.05,127.25,0.0
975,2020-08-21 07:30:00,35.05,127.25,0.0
976,2020-08-21 08:00:00,35.05,127.25,0.0
977,2020-08-21 08:30:00,35.05,127.25,0.0
978,2020-08-21 09:00:00,35.05,127.25,0.0
979,2020-08-21 09:30:00,35.05,127.25,0.0
980,2020-08-21 10:00:00,35.05,127.25,0.0
981,2020-08-21 10:30:00,35.05,127.25,0.0
982,2020-08-21 11:00:00,35.05,127.25,0.0
983,2020-08-21 11:30:00,35.05,127.25,0.0
984,2020-08-21 12:00:00,35.05,127.25,0.0
985,2020-08-21 12:30:00,35.05,127.25,0.0
986,2020-08-21 13:00:00,35.05,127.25,0.0
987,2020-08-21 13:30:00,35.05,127.25,0.0
988,2020-08-21 14:00:00,35.05,127.25,0.0
989,2020-08-21 14:30:00,35.05,127.25,0.0
990,2020-08-21 15:00:00,35.05,127.25,0.0
991,2020-08-21 15:30:00,35.05,127.25,0.0
992,2020-08-21 16:00:00,35.05,127.25,0.0
993,2020-08-21 16:30:00,35.05,127.25,0.0
994,2020-08-21 17:00:00,35.05,127.25,0.0
995,2020-08-21 17:30:00,35.05,127.25,0.0
996,2020-08-21 18:00:00,35.05,127.25,0.0
997,2020-08-21 18:30:00,35.05,127.25,0.0
998,2020-08-21 19:00:00,35.05,127.25,0.0
999,2020-08-21 19:30:00,35.05,127.25,0.0
1000,2020-08-21 20:00:00,35.05,127.25,0.0
1001,2020-08-21 20:30:00,35.05,127.25,0.0
1002,2020-08-21 21:00:00,35.05,127.25,0.0
1003,2020-08-21 21:30:00,35.05,127.25,0.0
1004,2020-08-21 22:00:00,35.05,127.25,0.0
1005,2020-08-21 22:30:00,35.05,127.25,0.0
1006,2020-08-21 23:00:00,35.05,127.25,0.0
1007,2020-08-21 23:30:00,35.05,127.25,0.0
1008,2020-08-22 00:00:00,35.05,127.25,0.0
1009,2020-08-22 00:30:00,35.05,127.25,0.0
1010,2020-08-22 01:00:00,35.05,127.25,0.0
1011,2020-08-22 01:30:00,35.05,127.25,0.0
1012,2020-08-22 02:00:00,35.05,127.25,0.0
1013,2020-08-22 02:30:00,35.05,127.25,0.9981158
1014,2020-08-22 03:00:00,35.05,127.25,4.901405
1015,2020-08-22 03:30:00,35.05,127.25,0.2615589
1016,2020-08-22 04:00:00,35.05,127.25,0.0
1017,2020-08-22 04:30:00,35.05,127.25,0.0
1018,2020-08-22 05:00:00,35.05,127.25,0.0
1019,2020-08-22 05:30:00,35.05,127.25,0.045755602
1020,2020-08-22 06:00:00,35.05,127.25,0.0
1021,2020-08-22 06:30:00,35.05,127.25,0.0
1022,2020-08-22 07:00:00,35.05,127.25,0.0
1023,2020-08-22 07:30:00,35.05,127.25,0.0
1024,2020-08-22 08:00:00,35.05,127.25,0.0
1025,2020-08-22 08:30:00,35.05,127.25,0.0
1026,2020-08-22 09:00:00,35.05,127.25,0.0
1027,2020-08-22 09:30:00,35.05,127.25,0.0
1028,2020-08-22 10:00:00,35.05,127.25,0.0
1029,2020-08-22 10:30:00,35.05,127.25,0.0
1030,2020-08-22 11:00:00,35.05,127.25,0.0
1031,2020-08-22 11:30:00,35.05,127.25,0.0
1032,2020-08-22 12:00:00,35.05,127.25,0.0
1033,2020-08-22 12:30:00,35.05,127.25,0.0
1034,2020-08-22 13:00:00,35.05,127.25,0.0
1035,2020-08-22 13:30:00,35.05,127.25,0.0
1036,2020-08-22 14:00:00,35.05,127.25,0.0
1037,2020-08-22 14:30:00,35.05,127.25,0.0
1038,2020-08-22 15:00:00,35.05,127.25,0.0
1039,2020-08-22 15:30:00,35.05,127.25,0.0
1040,2020-08-22 16:00:00,35.05,127.25,0.0
1041,2020-08-22 16:30:00,35.05,127.25,0.0
1042,2020-08-22 17:00:00,35.05,127.25,0.0
1043,2020-08-22 17:30:00,35.05,127.25,0.0
1044,2020-08-22 18:00:00,35.05,127.25,0.0
1045,2020-08-22 18:30:00,35.05,127.25,0.0
1046,2020-08-22 19:00:00,35.05,127.25,0.0
1047,2020-08-22 19:30:00,35.05,127.25,0.0
1048,2020-08-22 20:00:00,35.05,127.25,0.0
1049,2020-08-22 20:30:00,35.05,127.25,0.0
1050,2020-08-22 21:00:00,35.05,127.25,0.0
1051,2020-08-22 21:30:00,35.05,127.25,0.0
1052,2020-08-22 22:00:00,35.05,127.25,0.0
1053,2020-08-22 22:30:00,35.05,127.25,0.0
1054,2020-08-22 23:00:00,35.05,127.25,0.0
1055,2020-08-22 23:30:00,35.05,127.25,0.0
1056,2020-08-23 00:00:00,35.05,127.25,0.0
1057,2020-08-23 00:30:00,35.05,127.25,0.0
1058,2020-08-23 01:00:00,35.05,127.25,0.0
1059,2020-08-23 01:30:00,35.05,127.25,0.0
1060,2020-08-23 02:00:00,35.05,127.25,0.0
1061,2020-08-23 02:30:00,35.05,127.25,0.0
1062,2020-08-23 03:00:00,35.05,127.25,0.0
1063,2020-08-23 03:30:00,35.05,127.25,0.0
1064,2020-08-23 04:00:00,35.05,127.25,0.0
1065,2020-08-23 04:30:00,35.05,127.25,0.0
1066,2020-08-23 05:00:00,35.05,127.25,0.0
1067,2020-08-23 05:30:00,35.05,127.25,0.0
1068,2020-08-23 06:00:00,35.05,127.25,0.0
1069,2020-08-23 06:30:00,35.05,127.25,0.0
1070,2020-08-23 07:00:00,35.05,127.25,0.0
1071,2020-08-23 07:30:00,35.05,127.25,0.0
1072,2020-08-23 08:00:00,35.05,127.25,0.0
1073,2020-08-23 08:30:00,35.05,127.25,0.0
1074,2020-08-23 09:00:00,35.05,127.25,0.0
1075,2020-08-23 09:30:00,35.05,127.25,0.0
1076,2020-08-23 10:00:00,35.05,127.25,0.0
1077,2020-08-23 10:30:00,35.05,127.25,0.0
1078,2020-08-23 11:00:00,35.05,127.25,0.0
1079,2020-08-23 11:30:00,35.05,127.25,0.0
1080,2020-08-23 12:00:00,35.05,127.25,0.0
1081,2020-08-23 12:30:00,35.05,127.25,0.0
1082,2020-08-23 13:00:00,35.05,127.25,0.0
1083,2020-08-23 13:30:00,35.05,127.25,0.0
1084,2020-08-23 14:00:00,35.05,127.25,0.0
1085,2020-08-23 14:30:00,35.05,127.25,0.0
1086,2020-08-23 15:00:00,35.05,127.25,0.0
1087,2020-08-23 15:30:00,35.05,127.25,0.0
1088,2020-08-23 16:00:00,35.05,127.25,0.0
1089,2020-08-23 16:30:00,35.05,127.25,0.0
1090,2020-08-23 17:00:00,35.05,127.25,0.0
1091,2020-08-23 17:30:00,35.05,127.25,0.0
1092,2020-08-23 18:00:00,35.05,127.25,0.0
1093,2020-08-23 18:30:00,35.05,127.25,0.0
1094,2020-08-23 19:00:00,35.05,127.25,0.0
1095,2020-08-23 19:30:00,35.05,127.25,0.0
1096,2020-08-23 20:00:00,35.05,127.25,0.0
1097,2020-08-23 20:30:00,35.05,127.25,0.0
1098,2020-08-23 21:00:00,35.05,127.25,0.0
1099,2020-08-23 21:30:00,35.05,127.25,0.0
1100,2020-08-23 22:00:00,35.05,127.25,0.0
1101,2020-08-23 22:30:00,35.05,127.25,0.0
1102,2020-08-23 23:00:00,35.05,127.25,0.0
1103,2020-08-23 23:30:00,35.05,127.25,0.0
1104,2020-08-24 00:00:00,35.05,127.25,0.0
1105,2020-08-24 00:30:00,35.05,127.25,0.0
1106,2020-08-24 01:00:00,35.05,127.25,0.0
1107,2020-08-24 01:30:00,35.05,127.25,0.0
1108,2020-08-24 02:00:00,35.05,127.25,0.0
1109,2020-08-24 02:30:00,35.05,127.25,0.0
1110,2020-08-24 03:00:00,35.05,127.25,0.0
1111,2020-08-24 03:30:00,35.05,127.25,0.0
1112,2020-08-24 04:00:00,35.05,127.25,0.0
1113,2020-08-24 04:30:00,35.05,127.25,0.0
1114,2020-08-24 05:00:00,35.05,127.25,0.0
1115,2020-08-24 05:30:00,35.05,127.25,0.0
1116,2020-08-24 06:00:00,35.05,127.25,0.0
1117,2020-08-24 06:30:00,35.05,127.25,0.0
1118,2020-08-24 07:00:00,35.05,127.25,0.0
1119,2020-08-24 07:30:00,35.05,127.25,0.0
1120,2020-08-24 08:00:00,35.05,127.25,0.0
1121,2020-08-24 08:30:00,35.05,127.25,0.0
1122,2020-08-24 09:00:00,35.05,127.25,0.0
1123,2020-08-24 09:30:00,35.05,127.25,0.0
1124,2020-08-24 10:00:00,35.05,127.25,0.0
1125,2020-08-24 10:30:00,35.05,127.25,0.0
1126,2020-08-24 11:00:00,35.05,127.25,0.0
1127,2020-08-24 11:30:00,35.05,127.25,0.0
1128,2020-08-24 12:00:00,35.05,127.25,0.0
1129,2020-08-24 12:30:00,35.05,127.25,0.0
1130,2020-08-24 13:00:00,35.05,127.25,0.0
1131,2020-08-24 13:30:00,35.05,127.25,0.0
1132,2020-08-24 14:00:00,35.05,127.25,0.0
1133,2020-08-24 14:30:00,35.05,127.25,0.0
1134,2020-08-24 15:00:00,35.05,127.25,0.0
1135,2020-08-24 15:30:00,35.05,127.25,0.0
1136,2020-08-24 16:00:00,35.05,127.25,0.0
1137,2020-08-24 16:30:00,35.05,127.25,0.0
1138,2020-08-24 17:00:00,35.05,127.25,0.0
1139,2020-08-24 17:30:00,35.05,127.25,0.0
1140,2020-08-24 18:00:00,35.05,127.25,0.0
1141,2020-08-24 18:30:00,35.05,127.25,0.0
1142,2020-08-24 19:00:00,35.05,127.25,0.0
1143,2020-08-24 19:30:00,35.05,127.25,0.0
1144,2020-08-24 20:00:00,35.05,127.25,0.0
1145,2020-08-24 20:30:00,35.05,127.25,0.0
1146,2020-08-24 21:00:00,35.05,127.25,0.0
1147,2020-08-24 21:30:00,35.05,127.25,0.0
1148,2020-08-24 22:00:00,35.05,127.25,0.0
1149,2020-08-24 22:30:00,35.05,127.25,0.0
1150,2020-08-24 23:00:00,35.05,127.25,0.0
1151,2020-08-24 23:30:00,35.05,127.25,0.0
1152,2020-08-25 00:00:00,35.05,127.25,0.0
1153,2020-08-25 00:30:00,35.05,127.25,0.0
1154,2020-08-25 01:00:00,35.05,127.25,0.0
1155,2020-08-25 01:30:00,35.05,127.25,0.0
1156,2020-08-25 02:00:00,35.05,127.25,0.0
1157,2020-08-25 02:30:00,35.05,127.25,0.0
1158,2020-08-25 03:00:00,35.05,127.25,0.0
1159,2020-08-25 03:30:00,35.05,127.25,0.0
1160,2020-08-25 04:00:00,35.05,127.25,0.0
1161,2020-08-25 04:30:00,35.05,127.25,0.0
1162,2020-08-25 05:00:00,35.05,127.25,0.0
1163,2020-08-25 05:30:00,35.05,127.25,0.0
1164,2020-08-25 06:00:00,35.05,127.25,0.0
1165,2020-08-25 06:30:00,35.05,127.25,0.0
1166,2020-08-25 07:00:00,35.05,127.25,0.0
1167,2020-08-25 07:30:00,35.05,127.25,0.0
1168,2020-08-25 08:00:00,35.05,127.25,0.0
1169,2020-08-25 08:30:00,35.05,127.25,0.0
1170,2020-08-25 09:00:00,35.05,127.25,0.0
1171,2020-08-25 09:30:00,35.05,127.25,0.0
1172,2020-08-25 10:00:00,35.05,127.25,0.0
1173,2020-08-25 10:30:00,35.05,127.25,0.0
1174,2020-08-25 11:00:00,35.05,127.25,0.0
1175,2020-08-25 11:30:00,35.05,127.25,0.0
1176,2020-08-25 12:00:00,35.05,127.25,0.0
1177,2020-08-25 12:30:00,35.05,127.25,0.0
1178,2020-08-25 13:00:00,35.05,127.25,0.0
1179,2020-08-25 13:30:00,35.05,127.25,0.0
1180,2020-08-25 14:00:00,35.05,127.25,0.0
1181,2020-08-25 14:30:00,35.05,127.25,0.024681263
1182,2020-08-25 15:00:00,35.05,127.25,0.0
1183,2020-08-25 15:30:00,35.05,127.25,0.032318898
1184,2020-08-25 16:00:00,35.05,127.25,0.013426081
1185,2020-08-25 16:30:00,35.05,127.25,0.0
1186,2020-08-25 17:00:00,35.05,127.25,0.0
1187,2020-08-25 17:30:00,35.05,127.25,0.0
1188,2020-08-25 18:00:00,35.05,127.25,0.0
1189,2020-08-25 18:30:00,35.05,127.25,0.0
1190,2020-08-25 19:00:00,35.05,127.25,0.0
1191,2020-08-25 19:30:00,35.05,127.25,0.0
1192,2020-08-25 20:00:00,35.05,127.25,0.0
1193,2020-08-25 20:30:00,35.05,127.25,0.0
1194,2020-08-25 21:00:00,35.05,127.25,0.0
1195,2020-08-25 21:30:00,35.05,127.25,0.0
1196,2020-08-25 22:00:00,35.05,127.25,0.0
1197,2020-08-25 22:30:00,35.05,127.25,0.0
1198,2020-08-25 23:00:00,35.05,127.25,0.005984353
1199,2020-08-25 23:30:00,35.05,127.25,0.0
1200,2020-08-26 00:00:00,35.05,127.25,0.0
1201,2020-08-26 00:30:00,35.05,127.25,0.0
1202,2020-08-26 01:00:00,35.05,127.25,0.0
1203,2020-08-26 01:30:00,35.05,127.25,0.016700909
1204,2020-08-26 02:00:00,35.05,127.25,0.231181
1205,2020-08-26 02:30:00,35.05,127.25,0.8581793
1206,2020-08-26 03:00:00,35.05,127.25,0.4339912
1207,2020-08-26 03:30:00,35.05,127.25,0.6856329
1208,2020-08-26 04:00:00,35.05,127.25,0.42999998
1209,2020-08-26 04:30:00,35.05,127.25,0.6976968
1210,2020-08-26 05:00:00,35.05,127.25,0.87
1211,2020-08-26 05:30:00,35.05,127.25,1.1786492
1212,2020-08-26 06:00:00,35.05,127.25,1.3286846
1213,2020-08-26 06:30:00,35.05,127.25,2.2667596
1214,2020-08-26 07:00:00,35.05,127.25,5.2799997
1215,2020-08-26 07:30:00,35.05,127.25,3.437909
1216,2020-08-26 08:00:00,35.05,127.25,2.6399999
1217,2020-08-26 08:30:00,35.05,127.25,1.4887826
1218,2020-08-26 09:00:00,35.05,127.25,0.65999997
1219,2020-08-26 09:30:00,35.05,127.25,3.59
1220,2020-08-26 10:00:00,35.05,127.25,2.9973536
1221,2020-08-26 10:30:00,35.05,127.25,0.5684353
1222,2020-08-26 11:00:00,35.05,127.25,0.2541427
1223,2020-08-26 11:30:00,35.05,127.25,0.28137562
1224,2020-08-26 12:00:00,35.05,127.25,0.13
1225,2020-08-26 12:30:00,35.05,127.25,0.0
1226,2020-08-26 13:00:00,35.05,127.25,0.0
1227,2020-08-26 13:30:00,35.05,127.25,0.0
1228,2020-08-26 14:00:00,35.05,127.25,0.4547335
1229,2020-08-26 14:30:00,35.05,127.25,0.0
1230,2020-08-26 15:00:00,35.05,127.25,0.0009395087
1231,2020-08-26 15:30:00,35.05,127.25,0.004283025
1232,2020-08-26 16:00:00,35.05,127.25,0.0057996577
1233,2020-08-26 16:30:00,35.05,127.25,0.00075233047
1234,2020-08-26 17:00:00,35.05,127.25,0.0
1235,2020-08-26 17:30:00,35.05,127.25,0.0
1236,2020-08-26 18:00:00,35.05,127.25,0.0
1237,2020-08-26 18:30:00,35.05,127.25,0.0
1238,2020-08-26 19:00:00,35.05,127.25,0.0
1239,2020-08-26 19:30:00,35.05,127.25,0.0
1240,2020-08-26 20:00:00,35.05,127.25,0.0
1241,2020-08-26 20:30:00,35.05,127.25,0.0
1242,2020-08-26 21:00:00,35.05,127.25,0.0
1243,2020-08-26 21:30:00,35.05,127.25,0.0
1244,2020-08-26 22:00:00,35.05,127.25,0.0
1245,2020-08-26 22:30:00,35.05,127.25,0.0
1246,2020-08-26 23:00:00,35.05,127.25,0.0
1247,2020-08-26 23:30:00,35.05,127.25,0.0
1248,2020-08-27 00:00:00,35.05,127.25,0.0
1249,2020-08-27 00:30:00,35.05,127.25,0.0
1250,2020-08-27 01:00:00,35.05,127.25,0.0
1251,2020-08-27 01:30:00,35.05,127.25,0.0
1252,2020-08-27 02:00:00,35.05,127.25,0.0
1253,2020-08-27 02:30:00,35.05,127.25,0.0
1254,2020-08-27 03:00:00,35.05,127.25,0.06068844
1255,2020-08-27 03:30:00,35.05,127.25,0.0
1256,2020-08-27 04:00:00,35.05,127.25,0.0
1257,2020-08-27 04:30:00,35.05,127.25,0.0
1258,2020-08-27 05:00:00,35.05,127.25,0.0
1259,2020-08-27 05:30:00,35.05,127.25,0.002719141
1260,2020-08-27 06:00:00,35.05,127.25,0.0037381598
1261,2020-08-27 06:30:00,35.05,127.25,0.0025684375
1262,2020-08-27 07:00:00,35.05,127.25,0.02038542
1263,2020-08-27 07:30:00,35.05,127.25,0.027661607
1264,2020-08-27 08:00:00,35.05,127.25,0.0
1265,2020-08-27 08:30:00,35.05,127.25,0.0
1266,2020-08-27 09:00:00,35.05,127.25,0.02
1267,2020-08-27 09:30:00,35.05,127.25,0.0
1268,2020-08-27 10:00:00,35.05,127.25,0.0
1269,2020-08-27 10:30:00,35.05,127.25,0.0
1270,2020-08-27 11:00:00,35.05,127.25,0.008657503
1271,2020-08-27 11:30:00,35.05,127.25,0.636194
1272,2020-08-27 12:00:00,35.05,127.25,0.0
1273,2020-08-27 12:30:00,35.05,127.25,0.0
1274,2020-08-27 13:00:00,35.05,127.25,0.0
1275,2020-08-27 13:30:00,35.05,127.25,0.024123535
1276,2020-08-27 14:00:00,35.05,127.25,0.028111136
1277,2020-08-27 14:30:00,35.05,127.25,0.23832577
1278,2020-08-27 15:00:00,35.05,127.25,0.62284154
1279,2020-08-27 15:30:00,35.05,127.25,1.5224658
1280,2020-08-27 16:00:00,35.05,127.25,1.9762274
1281,2020-08-27 16:30:00,35.05,127.25,1.1655767
1282,2020-08-27 17:00:00,35.05,127.25,0.0
1283,2020-08-27 17:30:00,35.05,127.25,0.0
1284,2020-08-27 18:00:00,35.05,127.25,0.0
1285,2020-08-27 18:30:00,35.05,127.25,0.0
1286,2020-08-27 19:00:00,35.05,127.25,0.0
1287,2020-08-27 19:30:00,35.05,127.25,0.0
1288,2020-08-27 20:00:00,35.05,127.25,0.0
1289,2020-08-27 20:30:00,35.05,127.25,0.0
1290,2020-08-27 21:00:00,35.05,127.25,0.0
1291,2020-08-27 21:30:00,35.05,127.25,0.0
1292,2020-08-27 22:00:00,35.05,127.25,0.0
1293,2020-08-27 22:30:00,35.05,127.25,0.0
1294,2020-08-27 23:00:00,35.05,127.25,0.0
1295,2020-08-27 23:30:00,35.05,127.25,0.0
1296,2020-08-28 00:00:00,35.05,127.25,0.0
1297,2020-08-28 00:30:00,35.05,127.25,0.0013715063
1298,2020-08-28 01:00:00,35.05,127.25,0.0
1299,2020-08-28 01:30:00,35.05,127.25,0.0
1300,2020-08-28 02:00:00,35.05,127.25,0.0
1301,2020-08-28 02:30:00,35.05,127.25,0.0
1302,2020-08-28 03:00:00,35.05,127.25,0.0
1303,2020-08-28 03:30:00,35.05,127.25,0.0
1304,2020-08-28 04:00:00,35.05,127.25,0.0
1305,2020-08-28 04:30:00,35.05,127.25,0.0
1306,2020-08-28 05:00:00,35.05,127.25,0.0
1307,2020-08-28 05:30:00,35.05,127.25,0.0
1308,2020-08-28 06:00:00,35.05,127.25,0.0
1309,2020-08-28 06:30:00,35.05,127.25,0.0
1310,2020-08-28 07:00:00,35.05,127.25,0.037068397
1311,2020-08-28 07:30:00,35.05,127.25,0.04
1312,2020-08-28 08:00:00,35.05,127.25,0.015976809
1313,2020-08-28 08:30:00,35.05,127.25,0.0
1314,2020-08-28 09:00:00,35.05,127.25,0.0
1315,2020-08-28 09:30:00,35.05,127.25,0.0
1316,2020-08-28 10:00:00,35.05,127.25,0.0
1317,2020-08-28 10:30:00,35.05,127.25,0.0
1318,2020-08-28 11:00:00,35.05,127.25,0.0
1319,2020-08-28 11:30:00,35.05,127.25,0.0
1320,2020-08-28 12:00:00,35.05,127.25,0.0
1321,2020-08-28 12:30:00,35.05,127.25,0.0
1322,2020-08-28 13:00:00,35.05,127.25,0.0
1323,2020-08-28 13:30:00,35.05,127.25,0.0
1324,2020-08-28 14:00:00,35.05,127.25,0.0
1325,2020-08-28 14:30:00,35.05,127.25,0.0
1326,2020-08-28 15:00:00,35.05,127.25,0.0
1327,2020-08-28 15:30:00,35.05,127.25,0.0
1328,2020-08-28 16:00:00,35.05,127.25,0.0
1329,2020-08-28 16:30:00,35.05,127.25,0.0
1330,2020-08-28 17:00:00,35.05,127.25,0.0
1331,2020-08-28 17:30:00,35.05,127.25,0.0
1332,2020-08-28 18:00:00,35.05,127.25,0.0
1333,2020-08-28 18:30:00,35.05,127.25,0.0
1334,2020-08-28 19:00:00,35.05,127.25,0.0
1335,2020-08-28 19:30:00,35.05,127.25,0.036400534
1336,2020-08-28 20:00:00,35.05,127.25,0.0
1337,2020-08-28 20:30:00,35.05,127.25,0.0
1338,2020-08-28 21:00:00,35.05,127.25,0.0
1339,2020-08-28 21:30:00,35.05,127.25,0.0
1340,2020-08-28 22:00:00,35.05,127.25,0.0
1341,2020-08-28 22:30:00,35.05,127.25,0.0
1342,2020-08-28 23:00:00,35.05,127.25,0.0
1343,2020-08-28 23:30:00,35.05,127.25,0.0
1344,2020-08-29 00:00:00,35.05,127.25,0.0
1345,2020-08-29 00:30:00,35.05,127.25,0.0
1346,2020-08-29 01:00:00,35.05,127.25,0.0
1347,2020-08-29 01:30:00,35.05,127.25,0.0
1348,2020-08-29 02:00:00,35.05,127.25,0.0
1349,2020-08-29 02:30:00,35.05,127.25,0.0
1350,2020-08-29 03:00:00,35.05,127.25,0.0
1351,2020-08-29 03:30:00,35.05,127.25,0.0
1352,2020-08-29 04:00:00,35.05,127.25,0.0
1353,2020-08-29 04:30:00,35.05,127.25,0.03
1354,2020-08-29 05:00:00,35.05,127.25,0.0
1355,2020-08-29 05:30:00,35.05,127.25,0.15033422
1356,2020-08-29 06:00:00,35.05,127.25,0.03807173
1357,2020-08-29 06:30:00,35.05,127.25,0.023329595
1358,2020-08-29 07:00:00,35.05,127.25,0.100835815
1359,2020-08-29 07:30:00,35.05,127.25,0.12
1360,2020-08-29 08:00:00,35.05,127.25,0.11431534
1361,2020-08-29 08:30:00,35.05,127.25,0.071532324
1362,2020-08-29 09:00:00,35.05,127.25,0.055427507
1363,2020-08-29 09:30:00,35.05,127.25,0.04103549
1364,2020-08-29 10:00:00,35.05,127.25,0.028546903
1365,2020-08-29 10:30:00,35.05,127.25,2.8660228
1366,2020-08-29 11:00:00,35.05,127.25,2.264719
1367,2020-08-29 11:30:00,35.05,127.25,0.0022244256
1368,2020-08-29 12:00:00,35.05,127.25,0.0
1369,2020-08-29 12:30:00,35.05,127.25,0.0
1370,2020-08-29 13:00:00,35.05,127.25,0.0
1371,2020-08-29 13:30:00,35.05,127.25,0.0
1372,2020-08-29 14:00:00,35.05,127.25,0.0
1373,2020-08-29 14:30:00,35.05,127.25,0.0
1374,2020-08-29 15:00:00,35.05,127.25,0.0
1375,2020-08-29 15:30:00,35.05,127.25,0.0
1376,2020-08-29 16:00:00,35.05,127.25,0.0
1377,2020-08-29 16:30:00,35.05,127.25,0.0
1378,2020-08-29 17:00:00,35.05,127.25,0.0
1379,2020-08-29 17:30:00,35.05,127.25,0.0
1380,2020-08-29 18:00:00,35.05,127.25,0.0
1381,2020-08-29 18:30:00,35.05,127.25,0.0
1382,2020-08-29 19:00:00,35.05,127.25,0.0
1383,2020-08-29 19:30:00,35.05,127.25,0.0
1384,2020-08-29 20:00:00,35.05,127.25,0.0
1385,2020-08-29 20:30:00,35.05,127.25,0.0
1386,2020-08-29 21:00:00,35.05,127.25,0.0
1387,2020-08-29 21:30:00,35.05,127.25,0.0
1388,2020-08-29 22:00:00,35.05,127.25,0.0
1389,2020-08-29 22:30:00,35.05,127.25,0.0
1390,2020-08-29 23:00:00,35.05,127.25,0.0
1391,2020-08-29 23:30:00,35.05,127.25,0.0
1392,2020-08-30 00:00:00,35.05,127.25,0.0
1393,2020-08-30 00:30:00,35.05,127.25,0.0
1394,2020-08-30 01:00:00,35.05,127.25,0.0
1395,2020-08-30 01:30:00,35.05,127.25,0.0
1396,2020-08-30 02:00:00,35.05,127.25,0.0
1397,2020-08-30 02:30:00,35.05,127.25,0.0
1398,2020-08-30 03:00:00,35.05,127.25,0.0
1399,2020-08-30 03:30:00,35.05,127.25,0.0
1400,2020-08-30 04:00:00,35.05,127.25,0.0
1401,2020-08-30 04:30:00,35.05,127.25,0.0
1402,2020-08-30 05:00:00,35.05,127.25,0.0
1403,2020-08-30 05:30:00,35.05,127.25,0.0
1404,2020-08-30 06:00:00,35.05,127.25,0.0
1405,2020-08-30 06:30:00,35.05,127.25,0.0
1406,2020-08-30 07:00:00,35.05,127.25,0.0
1407,2020-08-30 07:30:00,35.05,127.25,0.0
1408,2020-08-30 08:00:00,35.05,127.25,0.0
1409,2020-08-30 08:30:00,35.05,127.25,0.0
1410,2020-08-30 09:00:00,35.05,127.25,0.0
1411,2020-08-30 09:30:00,35.05,127.25,0.0
1412,2020-08-30 10:00:00,35.05,127.25,0.0
1413,2020-08-30 10:30:00,35.05,127.25,0.0
1414,2020-08-30 11:00:00,35.05,127.25,0.0
1415,2020-08-30 11:30:00,35.05,127.25,0.0
1416,2020-08-30 12:00:00,35.05,127.25,0.0
1417,2020-08-30 12:30:00,35.05,127.25,0.0
1418,2020-08-30 13:00:00,35.05,127.25,0.0
1419,2020-08-30 13:30:00,35.05,127.25,0.0
1420,2020-08-30 14:00:00,35.05,127.25,0.0
1421,2020-08-30 14:30:00,35.05,127.25,0.0
1422,2020-08-30 15:00:00,35.05,127.25,0.0
1423,2020-08-30 15:30:00,35.05,127.25,0.0
1424,2020-08-30 16:00:00,35.05,127.25,0.0
1425,2020-08-30 16:30:00,35.05,127.25,0.0
1426,2020-08-30 17:00:00,35.05,127.25,0.0
1427,2020-08-30 17:30:00,35.05,127.25,0.0
1428,2020-08-30 18:00:00,35.05,127.25,0.0
1429,2020-08-30 18:30:00,35.05,127.25,0.0
1430,2020-08-30 19:00:00,35.05,127.25,0.0
1431,2020-08-30 19:30:00,35.05,127.25,0.0
1432,2020-08-30 20:00:00,35.05,127.25,0.0
1433,2020-08-30 20:30:00,35.05,127.25,0.0
1434,2020-08-30 21:00:00,35.05,127.25,0.0
1435,2020-08-30 21:30:00,35.05,127.25,0.0
1436,2020-08-30 22:00:00,35.05,127.25,0.0
1437,2020-08-30 22:30:00,35.05,127.25,0.0
1438,2020-08-30 23:00:00,35.05,127.25,0.0
1439,2020-08-30 23:30:00,35.05,127.25,0.0
1440,2020-08-31 00:00:00,35.05,127.25,0.0
1441,2020-08-31 00:30:00,35.05,127.25,0.0
1442,2020-08-31 01:00:00,35.05,127.25,0.0
1443,2020-08-31 01:30:00,35.05,127.25,0.0
1444,2020-08-31 02:00:00,35.05,127.25,0.0
1445,2020-08-31 02:30:00,35.05,127.25,0.0
1446,2020-08-31 03:00:00,35.05,127.25,0.0
1447,2020-08-31 03:30:00,35.05,127.25,0.0
1448,2020-08-31 04:00:00,35.05,127.25,0.0
1449,2020-08-31 04:30:00,35.05,127.25,0.0
1450,2020-08-31 05:00:00,35.05,127.25,0.0
1451,2020-08-31 05:30:00,35.05,127.25,0.0
1452,2020-08-31 06:00:00,35.05,127.25,0.0
1453,2020-08-31 06:30:00,35.05,127.25,0.0
1454,2020-08-31 07:00:00,35.05,127.25,0.0
1455,2020-08-31 07:30:00,35.05,127.25,0.0
1456,2020-08-31 08:00:00,35.05,127.25,0.32340786
1457,2020-08-31 08:30:00,35.05,127.25,0.40314007
1458,2020-08-31 09:00:00,35.05,127.25,0.6782036
1459,2020-08-31 09:30:00,35.05,127.25,0.88
1460,2020-08-31 10:00:00,35.05,127.25,0.73160064
1461,2020-08-31 10:30:00,35.05,127.25,0.4311594
1462,2020-08-31 11:00:00,35.05,127.25,0.21439074
1463,2020-08-31 11:30:00,35.05,127.25,0.12005646
1464,2020-08-31 12:00:00,35.05,127.25,0.0
1465,2020-08-31 12:30:00,35.05,127.25,0.0
1466,2020-08-31 13:00:00,35.05,127.25,0.0
1467,2020-08-31 13:30:00,35.05,127.25,0.0
1468,2020-08-31 14:00:00,35.05,127.25,0.0
1469,2020-08-31 14:30:00,35.05,127.25,0.0
1470,2020-08-31 15:00:00,35.05,127.25,0.0
1471,2020-08-31 15:30:00,35.05,127.25,0.0
1472,2020-08-31 16:00:00,35.05,127.25,0.0
1473,2020-08-31 16:30:00,35.05,127.25,0.0
1474,2020-08-31 17:00:00,35.05,127.25,0.0
1475,2020-08-31 17:30:00,35.05,127.25,0.0
1476,2020-08-31 18:00:00,35.05,127.25,0.0
1477,2020-08-31 18:30:00,35.05,127.25,0.0
1478,2020-08-31 19:00:00,35.05,127.25,0.0
1479,2020-08-31 19:30:00,35.05,127.25,0.0
1480,2020-08-31 20:00:00,35.05,127.25,0.0
1481,2020-08-31 20:30:00,35.05,127.25,0.0
1482,2020-08-31 21:00:00,35.05,127.25,0.0
1483,2020-08-31 21:30:00,35.05,127.25,0.0
1484,2020-08-31 22:00:00,35.05,127.25,0.0
1485,2020-08-31 22:30:00,35.05,127.25,0.0
1486,2020-08-31 23:00:00,35.05,127.25,0.0
1487,2020-08-31 23:30:00,35.05,127.25,0.0
